year,coef8,coef7,coef5,coef4,year_coef
1940,0,0,0,0,1960
1941,0,0,0,0,1961
1942,0,0,0,0,1962
1943,0,0,-2.322346,-1.787936,1963
1944,0,0,-2.580113,-2.356673,1964
1945,0,0,-2.725807,-2.119435,1965
1946,0,1,-2.673895,-2.312083,1966
1947,1,0,-2.4081,-2.280379,1967
1948,0,0,-2.02241,-2.115793,1968
1949,0,0,-2.08299,-2.182191,1969
1950,0,0,-1.877372,-2.110361,1970
1951,0,0,-2.133595,-2.261404,1971
1952,0,0,-2.235582,-2.374665,1972
1953,0,0,-2.197564,-2.371884,1973
1954,0,0,-2.057344,-2.342267,1974
1955,0,0,-1.958656,-1.806431,1975
1956,0,0,-1.856834,-1.84587,1976
1957,0,0,-1.622757,-1.500105,1977
1958,0,0,-1.226866,-1.283878,1978
1959,0,0,-1.44429,-1.824075,1979
1960,0,0,-1.465218,-2.495319,1980
1961,0,0,-1.345553,-2.509042,1981
1962,0,0,-1.468135,-2.246032,1982
1963,0,0,-1.760542,-2.599091,1983
1964,0,0,-1.912819,-2.510098,1984
1965,0,0,-2.038982,-2.458942,1985
1966,0,0,-2.105037,-2.408755,1986
1967,0,0,-1.975372,-2.439061,1987
1968,0,0,-1.86344,-2.295052,1988
1969,0,0,-1.864389,-2.493614,1989
1970,0,0,-1.819069,-2.464022,1990
1971,0,0,-1.615333,-2.291028,1991
1972,0,0,-1.650135,-2.278528,1992
1973,0,0,-1.703339,-2.201763,1993
1974,0,0,-1.72389,-2.119857,1994
1975,0,0,-1.84674,-2.212378,1995
1976,0,0,-1.797392,-2.133356,1996
1977,0,0,-1.69498,-2.130602,1997
1978,0,0,-1.622538,-2.192341,1998
1979,0,0,-1.52883,-1.879678,1999
1980,0,0,-1.317456,-1.639461,2000
1981,0,0,-.9857613,-1.591305,2001
1982,0,0,-.7113374,-1.49015,2002
1983,0,0,-.4518911,-1.397374,2003
1984,0,0,-.5364078,-1.407455,2004
1985,0,0,-.3448735,-1.730473,2005
1986,0,0,-.4120351,-2.879612,2006
1987,0,0,-.5163721,-2.442306,2007
1988,0,0,-.7449219,-2.657211,2008
1989,0,0,-.5564204,-1.868537,2009
1990,0,0,-.6835692,-1.762196,2010
1991,0,0,-.7659675,-1.963657,
1992,0,0,-.6514657,-1.755714,
1993,0,0,-.227209,-1.935939,
1994,0,0,-.3126294,-1.893057,
1995,0,0,-.2255319,-1.956531,
1996,0,0,-.2807845,-1.370823,
1997,0,0,-.0715398,-1.142929,
1998,0,0,.035236,-1.375098,
1999,0,0,.183162,-1.431703,
2000,0,0,.1365696,-1.849657,
2001,0,0,-.2716908,-2.551388,
2002,0,0,-.263557,-2.555108,
2003,0,0,-.1156274,-2.09737,
2004,,,,,
2005,,,,,
2006,,,,,
2007,,,,,
2008,,,,,
2009,,,,,
2010,,,,,
2011,,,,,
2012,,,,,
1940,,,,,
1941,,,,,
1942,,,,,
1943,,,,,
1944,,,,,
1945,,,,,
1946,,,,,
1947,,,,,
1948,,,,,
1949,,,,,
1950,,,,,
1951,,,,,
1952,,,,,
1953,,,,,
1954,,,,,
1955,,,,,
1956,,,,,
1957,,,,,
1958,,,,,
1959,,,,,
1960,,,,,
1961,,,,,
1962,,,,,
1963,,,,,
1964,,,,,
1965,,,,,
1966,,,,,
1967,,,,,
1968,,,,,
1969,,,,,
1970,,,,,
1971,,,,,
1972,,,,,
1973,,,,,
1974,,,,,
1975,,,,,
1976,,,,,
1977,,,,,
1978,,,,,
1979,,,,,
1980,,,,,
1981,,,,,
1982,,,,,
1983,,,,,
1984,,,,,
1985,,,,,
1986,,,,,
1987,,,,,
1988,,,,,
1989,,,,,
1990,,,,,
1991,,,,,
1992,,,,,
1993,,,,,
1994,,,,,
1995,,,,,
1996,,,,,
1997,,,,,
1998,,,,,
1999,,,,,
2000,,,,,
2001,,,,,
2002,,,,,
2003,,,,,
2004,,,,,
2005,,,,,
2006,,,,,
2007,,,,,
2008,,,,,
2009,,,,,
2010,,,,,
2011,,,,,
2012,,,,,
1940,,,,,
1941,,,,,
1942,,,,,
1943,,,,,
1944,,,,,
1945,,,,,
1946,,,,,
1947,,,,,
1948,,,,,
1949,,,,,
1950,,,,,
1951,,,,,
1952,,,,,
1953,,,,,
1954,,,,,
1955,,,,,
1956,,,,,
1957,,,,,
1958,,,,,
1959,,,,,
1960,,,,,
1961,,,,,
1962,,,,,
1963,,,,,
1964,,,,,
1965,,,,,
1966,,,,,
1967,,,,,
1968,,,,,
1969,,,,,
1970,,,,,
1971,,,,,
1972,,,,,
1973,,,,,
1974,,,,,
1975,,,,,
1976,,,,,
1977,,,,,
1978,,,,,
1979,,,,,
1980,,,,,
1981,,,,,
1982,,,,,
1983,,,,,
1984,,,,,
1985,,,,,
1986,,,,,
1987,,,,,
1988,,,,,
1989,,,,,
1990,,,,,
1991,,,,,
1992,,,,,
1993,,,,,
1994,,,,,
1995,,,,,
1996,,,,,
1997,,,,,
1998,,,,,
1999,,,,,
2000,,,,,
2001,,,,,
2002,,,,,
2003,,,,,
2004,,,,,
2005,,,,,
2006,,,,,
2007,,,,,
2008,,,,,
2009,,,,,
2010,,,,,
2011,,,,,
2012,,,,,
1940,,,,,
1941,,,,,
1942,,,,,
1943,,,,,
1944,,,,,
1945,,,,,
1946,,,,,
1947,,,,,
1948,,,,,
1949,,,,,
1950,,,,,
1951,,,,,
1952,,,,,
1953,,,,,
1954,,,,,
1955,,,,,
1956,,,,,
1957,,,,,
1958,,,,,
1959,,,,,
1960,,,,,
1961,,,,,
1962,,,,,
1963,,,,,
1964,,,,,
1965,,,,,
1966,,,,,
1967,,,,,
1968,,,,,
1969,,,,,
1970,,,,,
1971,,,,,
1972,,,,,
1973,,,,,
1974,,,,,
1975,,,,,
1976,,,,,
1977,,,,,
1978,,,,,
1979,,,,,
1980,,,,,
1981,,,,,
1982,,,,,
1983,,,,,
1984,,,,,
1985,,,,,
1986,,,,,
1987,,,,,
1988,,,,,
1989,,,,,
1990,,,,,
1991,,,,,
1992,,,,,
1993,,,,,
1994,,,,,
1995,,,,,
1996,,,,,
1997,,,,,
1998,,,,,
1999,,,,,
2000,,,,,
2001,,,,,
2002,,,,,
2003,,,,,
2004,,,,,
2005,,,,,
2006,,,,,
2007,,,,,
2008,,,,,
2009,,,,,
2010,,,,,
2011,,,,,
2012,,,,,
1940,,,,,
1941,,,,,
1942,,,,,
1943,,,,,
1944,,,,,
1945,,,,,
1946,,,,,
1947,,,,,
1948,,,,,
1949,,,,,
1950,,,,,
1951,,,,,
1952,,,,,
1953,,,,,
1954,,,,,
1955,,,,,
1956,,,,,
1957,,,,,
1958,,,,,
1959,,,,,
1960,,,,,
1961,,,,,
1962,,,,,
1963,,,,,
1964,,,,,
1965,,,,,
1966,,,,,
1967,,,,,
1968,,,,,
1969,,,,,
1970,,,,,
1971,,,,,
1972,,,,,
1973,,,,,
1974,,,,,
1975,,,,,
1976,,,,,
1977,,,,,
1978,,,,,
1979,,,,,
1980,,,,,
1981,,,,,
1982,,,,,
1983,,,,,
1984,,,,,
1985,,,,,
1986,,,,,
1987,,,,,
1988,,,,,
1989,,,,,
1990,,,,,
1991,,,,,
1992,,,,,
1993,,,,,
1994,,,,,
1995,,,,,
1996,,,,,
1997,,,,,
1998,,,,,
1999,,,,,
2000,,,,,
2001,,,,,
2002,,,,,
2003,,,,,
2004,,,,,
2005,,,,,
2006,,,,,
2007,,,,,
2008,,,,,
2009,,,,,
2010,,,,,
2011,,,,,
2012,,,,,
1940,,,,,
1941,,,,,
1942,,,,,
1943,,,,,
1944,,,,,
1945,,,,,
1946,,,,,
1947,,,,,
1948,,,,,
1949,,,,,
1950,,,,,
1951,,,,,
1952,,,,,
1953,,,,,
1954,,,,,
1955,,,,,
1956,,,,,
1957,,,,,
1958,,,,,
1959,,,,,
1960,,,,,
1961,,,,,
1962,,,,,
1963,,,,,
1964,,,,,
1965,,,,,
1966,,,,,
1967,,,,,
1968,,,,,
1969,,,,,
1970,,,,,
1971,,,,,
1972,,,,,
1973,,,,,
1974,,,,,
1975,,,,,
1976,,,,,
1977,,,,,
1978,,,,,
1979,,,,,
1980,,,,,
1981,,,,,
1982,,,,,
1983,,,,,
1984,,,,,
1985,,,,,
1986,,,,,
1987,,,,,
1988,,,,,
1989,,,,,
1990,,,,,
1991,,,,,
1992,,,,,
1993,,,,,
1994,,,,,
1995,,,,,
1996,,,,,
1997,,,,,
1998,,,,,
1999,,,,,
2000,,,,,
2001,,,,,
2002,,,,,
2003,,,,,
2004,,,,,
2005,,,,,
2006,,,,,
2007,,,,,
2008,,,,,
2009,,,,,
2010,,,,,
2011,,,,,
2012,,,,,
1940,,,,,
1941,,,,,
1942,,,,,
1943,,,,,
1944,,,,,
1945,,,,,
1946,,,,,
1947,,,,,
1948,,,,,
1949,,,,,
1950,,,,,
1951,,,,,
1952,,,,,
1953,,,,,
1954,,,,,
1955,,,,,
1956,,,,,
1957,,,,,
1958,,,,,
1959,,,,,
1960,,,,,
1961,,,,,
1962,,,,,
1963,,,,,
1964,,,,,
1965,,,,,
1966,,,,,
1967,,,,,
1968,,,,,
1969,,,,,
1970,,,,,
1971,,,,,
1972,,,,,
1973,,,,,
1974,,,,,
1975,,,,,
1976,,,,,
1977,,,,,
1978,,,,,
1979,,,,,
1980,,,,,
1981,,,,,
1982,,,,,
1983,,,,,
1984,,,,,
1985,,,,,
1986,,,,,
1987,,,,,
1988,,,,,
1989,,,,,
1990,,,,,
1991,,,,,
1992,,,,,
1993,,,,,
1994,,,,,
1995,,,,,
1996,,,,,
1997,,,,,
1998,,,,,
1999,,,,,
2000,,,,,
2001,,,,,
2002,,,,,
2003,,,,,
2004,,,,,
2005,,,,,
2006,,,,,
2007,,,,,
2008,,,,,
2009,,,,,
2010,,,,,
2011,,,,,
2012,,,,,
1940,,,,,
1941,,,,,
1942,,,,,
1943,,,,,
1944,,,,,
1945,,,,,
1946,,,,,
1947,,,,,
1948,,,,,
1949,,,,,
1950,,,,,
1951,,,,,
1952,,,,,
1953,,,,,
1954,,,,,
1955,,,,,
1956,,,,,
1957,,,,,
1958,,,,,
1959,,,,,
1960,,,,,
1961,,,,,
1962,,,,,
1963,,,,,
1964,,,,,
1965,,,,,
1966,,,,,
1967,,,,,
1968,,,,,
1969,,,,,
1970,,,,,
1971,,,,,
1972,,,,,
1973,,,,,
1974,,,,,
1975,,,,,
1976,,,,,
1977,,,,,
1978,,,,,
1979,,,,,
1980,,,,,
1981,,,,,
1982,,,,,
1983,,,,,
1984,,,,,
1985,,,,,
1986,,,,,
1987,,,,,
1988,,,,,
1989,,,,,
1990,,,,,
1991,,,,,
1992,,,,,
1993,,,,,
1994,,,,,
1995,,,,,
1996,,,,,
1997,,,,,
1998,,,,,
1999,,,,,
2000,,,,,
2001,,,,,
2002,,,,,
2003,,,,,
2004,,,,,
2005,,,,,
2006,,,,,
2007,,,,,
2008,,,,,
2009,,,,,
2010,,,,,
2011,,,,,
2012,,,,,
1940,,,,,
1941,,,,,
1942,,,,,
1943,,,,,
1944,,,,,
1945,,,,,
1946,,,,,
1947,,,,,
1948,,,,,
1949,,,,,
1950,,,,,
1951,,,,,
1952,,,,,
1953,,,,,
1954,,,,,
1955,,,,,
1956,,,,,
1957,,,,,
1958,,,,,
1959,,,,,
1960,,,,,
1961,,,,,
1962,,,,,
1963,,,,,
1964,,,,,
1965,,,,,
1966,,,,,
1967,,,,,
1968,,,,,
1969,,,,,
1970,,,,,
1971,,,,,
1972,,,,,
1973,,,,,
1974,,,,,
1975,,,,,
1976,,,,,
1977,,,,,
1978,,,,,
1979,,,,,
1980,,,,,
1981,,,,,
1982,,,,,
1983,,,,,
1984,,,,,
1985,,,,,
1986,,,,,
1987,,,,,
1988,,,,,
1989,,,,,
1990,,,,,
1991,,,,,
1992,,,,,
1993,,,,,
1994,,,,,
1995,,,,,
1996,,,,,
1997,,,,,
1998,,,,,
1999,,,,,
2000,,,,,
2001,,,,,
2002,,,,,
2003,,,,,
2004,,,,,
2005,,,,,
2006,,,,,
2007,,,,,
2008,,,,,
2009,,,,,
2010,,,,,
2011,,,,,
2012,,,,,
1940,,,,,
1941,,,,,
1942,,,,,
1943,,,,,
1944,,,,,
1945,,,,,
1946,,,,,
1947,,,,,
1948,,,,,
1949,,,,,
1950,,,,,
1951,,,,,
1952,,,,,
1953,,,,,
1954,,,,,
1955,,,,,
1956,,,,,
1957,,,,,
1958,,,,,
1959,,,,,
1960,,,,,
1961,,,,,
1962,,,,,
1963,,,,,
1964,,,,,
1965,,,,,
1966,,,,,
1967,,,,,
1968,,,,,
1969,,,,,
1970,,,,,
1971,,,,,
1972,,,,,
1973,,,,,
1974,,,,,
1975,,,,,
1976,,,,,
1977,,,,,
1978,,,,,
1979,,,,,
1980,,,,,
1981,,,,,
1982,,,,,
1983,,,,,
1984,,,,,
1985,,,,,
1986,,,,,
1987,,,,,
1988,,,,,
1989,,,,,
1990,,,,,
1991,,,,,
1992,,,,,
1993,,,,,
1994,,,,,
1995,,,,,
1996,,,,,
1997,,,,,
1998,,,,,
1999,,,,,
2000,,,,,
2001,,,,,
2002,,,,,
2003,,,,,
2004,,,,,
2005,,,,,
2006,,,,,
2007,,,,,
2008,,,,,
2009,,,,,
2010,,,,,
2011,,,,,
2012,,,,,
1940,,,,,
1941,,,,,
1942,,,,,
1943,,,,,
1944,,,,,
1945,,,,,
1946,,,,,
1947,,,,,
1948,,,,,
1949,,,,,
1950,,,,,
1951,,,,,
1952,,,,,
1953,,,,,
1954,,,,,
1955,,,,,
1956,,,,,
1957,,,,,
1958,,,,,
1959,,,,,
1960,,,,,
1961,,,,,
1962,,,,,
1963,,,,,
1964,,,,,
1965,,,,,
1966,,,,,
1967,,,,,
1968,,,,,
1969,,,,,
1970,,,,,
1971,,,,,
1972,,,,,
1973,,,,,
1974,,,,,
1975,,,,,
1976,,,,,
1977,,,,,
1978,,,,,
1979,,,,,
1980,,,,,
1981,,,,,
1982,,,,,
1983,,,,,
1984,,,,,
1985,,,,,
1986,,,,,
1987,,,,,
1988,,,,,
1989,,,,,
1990,,,,,
1991,,,,,
1992,,,,,
1993,,,,,
1994,,,,,
1995,,,,,
1996,,,,,
1997,,,,,
1998,,,,,
1999,,,,,
2000,,,,,
2001,,,,,
2002,,,,,
2003,,,,,
2004,,,,,
2005,,,,,
2006,,,,,
2007,,,,,
2008,,,,,
2009,,,,,
2010,,,,,
2011,,,,,
2012,,,,,
1940,,,,,
1941,,,,,
1942,,,,,
1943,,,,,
1944,,,,,
1945,,,,,
1946,,,,,
1947,,,,,
1948,,,,,
1949,,,,,
1950,,,,,
1951,,,,,
1952,,,,,
1953,,,,,
1954,,,,,
1955,,,,,
1956,,,,,
1957,,,,,
1958,,,,,
1959,,,,,
1960,,,,,
1961,,,,,
1962,,,,,
1963,,,,,
1964,,,,,
1965,,,,,
1966,,,,,
1967,,,,,
1968,,,,,
1969,,,,,
1970,,,,,
1971,,,,,
1972,,,,,
1973,,,,,
1974,,,,,
1975,,,,,
1976,,,,,
1977,,,,,
1978,,,,,
1979,,,,,
1980,,,,,
1981,,,,,
1982,,,,,
1983,,,,,
1984,,,,,
1985,,,,,
1986,,,,,
1987,,,,,
1988,,,,,
1989,,,,,
1990,,,,,
1991,,,,,
1992,,,,,
1993,,,,,
1994,,,,,
1995,,,,,
1996,,,,,
1997,,,,,
1998,,,,,
1999,,,,,
2000,,,,,
2001,,,,,
2002,,,,,
2003,,,,,
2004,,,,,
2005,,,,,
2006,,,,,
2007,,,,,
2008,,,,,
2009,,,,,
2010,,,,,
2011,,,,,
2012,,,,,
1940,,,,,
1941,,,,,
1942,,,,,
1943,,,,,
1944,,,,,
1945,,,,,
1946,,,,,
1947,,,,,
1948,,,,,
1949,,,,,
1950,,,,,
1951,,,,,
1952,,,,,
1953,,,,,
1954,,,,,
1955,,,,,
1956,,,,,
1957,,,,,
1958,,,,,
1959,,,,,
1960,,,,,
1961,,,,,
1962,,,,,
1963,,,,,
1964,,,,,
1965,,,,,
1966,,,,,
1967,,,,,
1968,,,,,
1969,,,,,
1970,,,,,
1971,,,,,
1972,,,,,
1973,,,,,
1974,,,,,
1975,,,,,
1976,,,,,
1977,,,,,
1978,,,,,
1979,,,,,
1980,,,,,
1981,,,,,
1982,,,,,
1983,,,,,
1984,,,,,
1985,,,,,
1986,,,,,
1987,,,,,
1988,,,,,
1989,,,,,
1990,,,,,
1991,,,,,
1992,,,,,
1993,,,,,
1994,,,,,
1995,,,,,
1996,,,,,
1997,,,,,
1998,,,,,
1999,,,,,
2000,,,,,
2001,,,,,
2002,,,,,
2003,,,,,
2004,,,,,
2005,,,,,
2006,,,,,
2007,,,,,
2008,,,,,
2009,,,,,
2010,,,,,
2011,,,,,
2012,,,,,
1940,,,,,
1941,,,,,
1942,,,,,
1943,,,,,
1944,,,,,
1945,,,,,
1946,,,,,
1947,,,,,
1948,,,,,
1949,,,,,
1950,,,,,
1951,,,,,
1952,,,,,
1953,,,,,
1954,,,,,
1955,,,,,
1956,,,,,
1957,,,,,
1958,,,,,
1959,,,,,
1960,,,,,
1961,,,,,
1962,,,,,
1963,,,,,
1964,,,,,
1965,,,,,
1966,,,,,
1967,,,,,
1968,,,,,
1969,,,,,
1970,,,,,
1971,,,,,
1972,,,,,
1973,,,,,
1974,,,,,
1975,,,,,
1976,,,,,
1977,,,,,
1978,,,,,
1979,,,,,
1980,,,,,
1981,,,,,
1982,,,,,
1983,,,,,
1984,,,,,
1985,,,,,
1986,,,,,
1987,,,,,
1988,,,,,
1989,,,,,
1990,,,,,
1991,,,,,
1992,,,,,
1993,,,,,
1994,,,,,
1995,,,,,
1996,,,,,
1997,,,,,
1998,,,,,
1999,,,,,
2000,,,,,
2001,,,,,
2002,,,,,
2003,,,,,
2004,,,,,
2005,,,,,
2006,,,,,
2007,,,,,
2008,,,,,
2009,,,,,
2010,,,,,
2011,,,,,
2012,,,,,
1940,,,,,
1941,,,,,
1942,,,,,
1943,,,,,
1944,,,,,
1945,,,,,
1946,,,,,
1947,,,,,
1948,,,,,
1949,,,,,
1950,,,,,
1951,,,,,
1952,,,,,
1953,,,,,
1954,,,,,
1955,,,,,
1956,,,,,
1957,,,,,
1958,,,,,
1959,,,,,
1960,,,,,
1961,,,,,
1962,,,,,
1963,,,,,
1964,,,,,
1965,,,,,
1966,,,,,
1967,,,,,
1968,,,,,
1969,,,,,
1970,,,,,
1971,,,,,
1972,,,,,
1973,,,,,
1974,,,,,
1975,,,,,
1976,,,,,
1977,,,,,
1978,,,,,
1979,,,,,
1980,,,,,
1981,,,,,
1982,,,,,
1983,,,,,
1984,,,,,
1985,,,,,
1986,,,,,
1987,,,,,
1988,,,,,
1989,,,,,
1990,,,,,
1991,,,,,
1992,,,,,
1993,,,,,
1994,,,,,
1995,,,,,
1996,,,,,
1997,,,,,
1998,,,,,
1999,,,,,
2000,,,,,
2001,,,,,
2002,,,,,
2003,,,,,
2004,,,,,
2005,,,,,
2006,,,,,
2007,,,,,
2008,,,,,
2009,,,,,
2010,,,,,
2011,,,,,
2012,,,,,
1940,,,,,
1941,,,,,
1942,,,,,
1943,,,,,
1944,,,,,
1945,,,,,
1946,,,,,
1947,,,,,
1948,,,,,
1949,,,,,
1950,,,,,
1951,,,,,
1952,,,,,
1953,,,,,
1954,,,,,
1955,,,,,
1956,,,,,
1957,,,,,
1958,,,,,
1959,,,,,
1960,,,,,
1961,,,,,
1962,,,,,
1963,,,,,
1964,,,,,
1965,,,,,
1966,,,,,
1967,,,,,
1968,,,,,
1969,,,,,
1970,,,,,
1971,,,,,
1972,,,,,
1973,,,,,
1974,,,,,
1975,,,,,
1976,,,,,
1977,,,,,
1978,,,,,
1979,,,,,
1980,,,,,
1981,,,,,
1982,,,,,
1983,,,,,
1984,,,,,
1985,,,,,
1986,,,,,
1987,,,,,
1988,,,,,
1989,,,,,
1990,,,,,
1991,,,,,
1992,,,,,
1993,,,,,
1994,,,,,
1995,,,,,
1996,,,,,
1997,,,,,
1998,,,,,
1999,,,,,
2000,,,,,
2001,,,,,
2002,,,,,
2003,,,,,
2004,,,,,
2005,,,,,
2006,,,,,
2007,,,,,
2008,,,,,
2009,,,,,
2010,,,,,
2011,,,,,
2012,,,,,
1940,,,,,
1941,,,,,
1942,,,,,
1943,,,,,
1944,,,,,
1945,,,,,
1946,,,,,
1947,,,,,
1948,,,,,
1949,,,,,
1950,,,,,
1951,,,,,
1952,,,,,
1953,,,,,
1954,,,,,
1955,,,,,
1956,,,,,
1957,,,,,
1958,,,,,
1959,,,,,
1960,,,,,
1961,,,,,
1962,,,,,
1963,,,,,
1964,,,,,
1965,,,,,
1966,,,,,
1967,,,,,
1968,,,,,
1969,,,,,
1970,,,,,
1971,,,,,
1972,,,,,
1973,,,,,
1974,,,,,
1975,,,,,
1976,,,,,
1977,,,,,
1978,,,,,
1979,,,,,
1980,,,,,
1981,,,,,
1982,,,,,
1983,,,,,
1984,,,,,
1985,,,,,
1986,,,,,
1987,,,,,
1988,,,,,
1989,,,,,
1990,,,,,
1991,,,,,
1992,,,,,
1993,,,,,
1994,,,,,
1995,,,,,
1996,,,,,
1997,,,,,
1998,,,,,
1999,,,,,
2000,,,,,
2001,,,,,
2002,,,,,
2003,,,,,
2004,,,,,
2005,,,,,
2006,,,,,
2007,,,,,
2008,,,,,
2009,,,,,
2010,,,,,
2011,,,,,
2012,,,,,
1940,,,,,
1941,,,,,
1942,,,,,
1943,,,,,
1944,,,,,
1945,,,,,
1946,,,,,
1947,,,,,
1948,,,,,
1949,,,,,
1950,,,,,
1951,,,,,
1952,,,,,
1953,,,,,
1954,,,,,
1955,,,,,
1956,,,,,
1957,,,,,
1958,,,,,
1959,,,,,
1960,,,,,
1961,,,,,
1962,,,,,
1963,,,,,
1964,,,,,
1965,,,,,
1966,,,,,
1967,,,,,
1968,,,,,
1969,,,,,
1970,,,,,
1971,,,,,
1972,,,,,
1973,,,,,
1974,,,,,
1975,,,,,
1976,,,,,
1977,,,,,
1978,,,,,
1979,,,,,
1980,,,,,
1981,,,,,
1982,,,,,
1983,,,,,
1984,,,,,
1985,,,,,
1986,,,,,
1987,,,,,
1988,,,,,
1989,,,,,
1990,,,,,
1991,,,,,
1992,,,,,
1993,,,,,
1994,,,,,
1995,,,,,
1996,,,,,
1997,,,,,
1998,,,,,
1999,,,,,
2000,,,,,
2001,,,,,
2002,,,,,
2003,,,,,
2004,,,,,
2005,,,,,
2006,,,,,
2007,,,,,
2008,,,,,
2009,,,,,
2010,,,,,
2011,,,,,
2012,,,,,
1940,,,,,
1941,,,,,
1942,,,,,
1943,,,,,
1944,,,,,
1945,,,,,
1946,,,,,
1947,,,,,
1948,,,,,
1949,,,,,
1950,,,,,
1951,,,,,
1952,,,,,
1953,,,,,
1954,,,,,
1955,,,,,
1956,,,,,
1957,,,,,
1958,,,,,
1959,,,,,
1960,,,,,
1961,,,,,
1962,,,,,
1963,,,,,
1964,,,,,
1965,,,,,
1966,,,,,
1967,,,,,
1968,,,,,
1969,,,,,
1970,,,,,
1971,,,,,
1972,,,,,
1973,,,,,
1974,,,,,
1975,,,,,
1976,,,,,
1977,,,,,
1978,,,,,
1979,,,,,
1980,,,,,
1981,,,,,
1982,,,,,
1983,,,,,
1984,,,,,
1985,,,,,
1986,,,,,
1987,,,,,
1988,,,,,
1989,,,,,
1990,,,,,
1991,,,,,
1992,,,,,
1993,,,,,
1994,,,,,
1995,,,,,
1996,,,,,
1997,,,,,
1998,,,,,
1999,,,,,
2000,,,,,
2001,,,,,
2002,,,,,
2003,,,,,
2004,,,,,
2005,,,,,
2006,,,,,
2007,,,,,
2008,,,,,
2009,,,,,
2010,,,,,
2011,,,,,
2012,,,,,
1940,,,,,
1941,,,,,
1942,,,,,
1943,,,,,
1944,,,,,
1945,,,,,
1946,,,,,
1947,,,,,
1948,,,,,
1949,,,,,
1950,,,,,
1951,,,,,
1952,,,,,
1953,,,,,
1954,,,,,
1955,,,,,
1956,,,,,
1957,,,,,
1958,,,,,
1959,,,,,
1960,,,,,
1961,,,,,
1962,,,,,
1963,,,,,
1964,,,,,
1965,,,,,
1966,,,,,
1967,,,,,
1968,,,,,
1969,,,,,
1970,,,,,
1971,,,,,
1972,,,,,
1973,,,,,
1974,,,,,
1975,,,,,
1976,,,,,
1977,,,,,
1978,,,,,
1979,,,,,
1980,,,,,
1981,,,,,
1982,,,,,
1983,,,,,
1984,,,,,
1985,,,,,
1986,,,,,
1987,,,,,
1988,,,,,
1989,,,,,
1990,,,,,
1991,,,,,
1992,,,,,
1993,,,,,
1994,,,,,
1995,,,,,
1996,,,,,
1997,,,,,
1998,,,,,
1999,,,,,
2000,,,,,
2001,,,,,
2002,,,,,
2003,,,,,
2004,,,,,
2005,,,,,
2006,,,,,
2007,,,,,
2008,,,,,
2009,,,,,
2010,,,,,
2011,,,,,
2012,,,,,
1940,,,,,
1941,,,,,
1942,,,,,
1943,,,,,
1944,,,,,
1945,,,,,
1946,,,,,
1947,,,,,
1948,,,,,
1949,,,,,
1950,,,,,
1951,,,,,
1952,,,,,
1953,,,,,
1954,,,,,
1955,,,,,
1956,,,,,
1957,,,,,
1958,,,,,
1959,,,,,
1960,,,,,
1961,,,,,
1962,,,,,
1963,,,,,
1964,,,,,
1965,,,,,
1966,,,,,
1967,,,,,
1968,,,,,
1969,,,,,
1970,,,,,
1971,,,,,
1972,,,,,
1973,,,,,
1974,,,,,
1975,,,,,
1976,,,,,
1977,,,,,
1978,,,,,
1979,,,,,
1980,,,,,
1981,,,,,
1982,,,,,
1983,,,,,
1984,,,,,
1985,,,,,
1986,,,,,
1987,,,,,
1988,,,,,
1989,,,,,
1990,,,,,
1991,,,,,
1992,,,,,
1993,,,,,
1994,,,,,
1995,,,,,
1996,,,,,
1997,,,,,
1998,,,,,
1999,,,,,
2000,,,,,
2001,,,,,
2002,,,,,
2003,,,,,
2004,,,,,
2005,,,,,
2006,,,,,
2007,,,,,
2008,,,,,
2009,,,,,
2010,,,,,
2011,,,,,
2012,,,,,
1940,,,,,
1941,,,,,
1942,,,,,
1943,,,,,
1944,,,,,
1945,,,,,
1946,,,,,
1947,,,,,
1948,,,,,
1949,,,,,
1950,,,,,
1951,,,,,
1952,,,,,
1953,,,,,
1954,,,,,
1955,,,,,
1956,,,,,
1957,,,,,
1958,,,,,
1959,,,,,
1960,,,,,
1961,,,,,
1962,,,,,
1963,,,,,
1964,,,,,
1965,,,,,
1966,,,,,
1967,,,,,
1968,,,,,
1969,,,,,
1970,,,,,
1971,,,,,
1972,,,,,
1973,,,,,
1974,,,,,
1975,,,,,
1976,,,,,
1977,,,,,
1978,,,,,
1979,,,,,
1980,,,,,
1981,,,,,
1982,,,,,
1983,,,,,
1984,,,,,
1985,,,,,
1986,,,,,
1987,,,,,
1988,,,,,
1989,,,,,
1990,,,,,
1991,,,,,
1992,,,,,
1993,,,,,
1994,,,,,
1995,,,,,
1996,,,,,
1997,,,,,
1998,,,,,
1999,,,,,
2000,,,,,
2001,,,,,
2002,,,,,
2003,,,,,
2004,,,,,
2005,,,,,
2006,,,,,
2007,,,,,
2008,,,,,
2009,,,,,
2010,,,,,
2011,,,,,
2012,,,,,
1940,,,,,
1941,,,,,
1942,,,,,
1943,,,,,
1944,,,,,
1945,,,,,
1946,,,,,
1947,,,,,
1948,,,,,
1949,,,,,
1950,,,,,
1951,,,,,
1952,,,,,
1953,,,,,
1954,,,,,
1955,,,,,
1956,,,,,
1957,,,,,
1958,,,,,
1959,,,,,
1960,,,,,
1961,,,,,
1962,,,,,
1963,,,,,
1964,,,,,
1965,,,,,
1966,,,,,
1967,,,,,
1968,,,,,
1969,,,,,
1970,,,,,
1971,,,,,
1972,,,,,
1973,,,,,
1974,,,,,
1975,,,,,
1976,,,,,
1977,,,,,
1978,,,,,
1979,,,,,
1980,,,,,
1981,,,,,
1982,,,,,
1983,,,,,
1984,,,,,
1985,,,,,
1986,,,,,
1987,,,,,
1988,,,,,
1989,,,,,
1990,,,,,
1991,,,,,
1992,,,,,
1993,,,,,
1994,,,,,
1995,,,,,
1996,,,,,
1997,,,,,
1998,,,,,
1999,,,,,
2000,,,,,
2001,,,,,
2002,,,,,
2003,,,,,
2004,,,,,
2005,,,,,
2006,,,,,
2007,,,,,
2008,,,,,
2009,,,,,
2010,,,,,
2011,,,,,
2012,,,,,
1940,,,,,
1941,,,,,
1942,,,,,
1943,,,,,
1944,,,,,
1945,,,,,
1946,,,,,
1947,,,,,
1948,,,,,
1949,,,,,
1950,,,,,
1951,,,,,
1952,,,,,
1953,,,,,
1954,,,,,
1955,,,,,
1956,,,,,
1957,,,,,
1958,,,,,
1959,,,,,
1960,,,,,
1961,,,,,
1962,,,,,
1963,,,,,
1964,,,,,
1965,,,,,
1966,,,,,
1967,,,,,
1968,,,,,
1969,,,,,
1970,,,,,
1971,,,,,
1972,,,,,
1973,,,,,
1974,,,,,
1975,,,,,
1976,,,,,
1977,,,,,
1978,,,,,
1979,,,,,
1980,,,,,
1981,,,,,
1982,,,,,
1983,,,,,
1984,,,,,
1985,,,,,
1986,,,,,
1987,,,,,
1988,,,,,
1989,,,,,
1990,,,,,
1991,,,,,
1992,,,,,
1993,,,,,
1994,,,,,
1995,,,,,
1996,,,,,
1997,,,,,
1998,,,,,
1999,,,,,
2000,,,,,
2001,,,,,
2002,,,,,
2003,,,,,
2004,,,,,
2005,,,,,
2006,,,,,
2007,,,,,
2008,,,,,
2009,,,,,
2010,,,,,
2011,,,,,
2012,,,,,
1940,,,,,
1941,,,,,
1942,,,,,
1943,,,,,
1944,,,,,
1945,,,,,
1946,,,,,
1947,,,,,
1948,,,,,
1949,,,,,
1950,,,,,
1951,,,,,
1952,,,,,
1953,,,,,
1954,,,,,
1955,,,,,
1956,,,,,
1957,,,,,
1958,,,,,
1959,,,,,
1960,,,,,
1961,,,,,
1962,,,,,
1963,,,,,
1964,,,,,
1965,,,,,
1966,,,,,
1967,,,,,
1968,,,,,
1969,,,,,
1970,,,,,
1971,,,,,
1972,,,,,
1973,,,,,
1974,,,,,
1975,,,,,
1976,,,,,
1977,,,,,
1978,,,,,
1979,,,,,
1980,,,,,
1981,,,,,
1982,,,,,
1983,,,,,
1984,,,,,
1985,,,,,
1986,,,,,
1987,,,,,
1988,,,,,
1989,,,,,
1990,,,,,
1991,,,,,
1992,,,,,
1993,,,,,
1994,,,,,
1995,,,,,
1996,,,,,
1997,,,,,
1998,,,,,
1999,,,,,
2000,,,,,
2001,,,,,
2002,,,,,
2003,,,,,
2004,,,,,
2005,,,,,
2006,,,,,
2007,,,,,
2008,,,,,
2009,,,,,
2010,,,,,
2011,,,,,
2012,,,,,
1940,,,,,
1941,,,,,
1942,,,,,
1943,,,,,
1944,,,,,
1945,,,,,
1946,,,,,
1947,,,,,
1948,,,,,
1949,,,,,
1950,,,,,
1951,,,,,
1952,,,,,
1953,,,,,
1954,,,,,
1955,,,,,
1956,,,,,
1957,,,,,
1958,,,,,
1959,,,,,
1960,,,,,
1961,,,,,
1962,,,,,
1963,,,,,
1964,,,,,
1965,,,,,
1966,,,,,
1967,,,,,
1968,,,,,
1969,,,,,
1970,,,,,
1971,,,,,
1972,,,,,
1973,,,,,
1974,,,,,
1975,,,,,
1976,,,,,
1977,,,,,
1978,,,,,
1979,,,,,
1980,,,,,
1981,,,,,
1982,,,,,
1983,,,,,
1984,,,,,
1985,,,,,
1986,,,,,
1987,,,,,
1988,,,,,
1989,,,,,
1990,,,,,
1991,,,,,
1992,,,,,
1993,,,,,
1994,,,,,
1995,,,,,
1996,,,,,
1997,,,,,
1998,,,,,
1999,,,,,
2000,,,,,
2001,,,,,
2002,,,,,
2003,,,,,
2004,,,,,
2005,,,,,
2006,,,,,
2007,,,,,
2008,,,,,
2009,,,,,
2010,,,,,
2011,,,,,
2012,,,,,
1940,,,,,
1941,,,,,
1942,,,,,
1943,,,,,
1944,,,,,
1945,,,,,
1946,,,,,
1947,,,,,
1948,,,,,
1949,,,,,
1950,,,,,
1951,,,,,
1952,,,,,
1953,,,,,
1954,,,,,
1955,,,,,
1956,,,,,
1957,,,,,
1958,,,,,
1959,,,,,
1960,,,,,
1961,,,,,
1962,,,,,
1963,,,,,
1964,,,,,
1965,,,,,
1966,,,,,
1967,,,,,
1968,,,,,
1969,,,,,
1970,,,,,
1971,,,,,
1972,,,,,
1973,,,,,
1974,,,,,
1975,,,,,
1976,,,,,
1977,,,,,
1978,,,,,
1979,,,,,
1980,,,,,
1981,,,,,
1982,,,,,
1983,,,,,
1984,,,,,
1985,,,,,
1986,,,,,
1987,,,,,
1988,,,,,
1989,,,,,
1990,,,,,
1991,,,,,
1992,,,,,
1993,,,,,
1994,,,,,
1995,,,,,
1996,,,,,
1997,,,,,
1998,,,,,
1999,,,,,
2000,,,,,
2001,,,,,
2002,,,,,
2003,,,,,
2004,,,,,
2005,,,,,
2006,,,,,
2007,,,,,
2008,,,,,
2009,,,,,
2010,,,,,
2011,,,,,
2012,,,,,
1940,,,,,
1941,,,,,
1942,,,,,
1943,,,,,
1944,,,,,
1945,,,,,
1946,,,,,
1947,,,,,
1948,,,,,
1949,,,,,
1950,,,,,
1951,,,,,
1952,,,,,
1953,,,,,
1954,,,,,
1955,,,,,
1956,,,,,
1957,,,,,
1958,,,,,
1959,,,,,
1960,,,,,
1961,,,,,
1962,,,,,
1963,,,,,
1964,,,,,
1965,,,,,
1966,,,,,
1967,,,,,
1968,,,,,
1969,,,,,
1970,,,,,
1971,,,,,
1972,,,,,
1973,,,,,
1974,,,,,
1975,,,,,
1976,,,,,
1977,,,,,
1978,,,,,
1979,,,,,
1980,,,,,
1981,,,,,
1982,,,,,
1983,,,,,
1984,,,,,
1985,,,,,
1986,,,,,
1987,,,,,
1988,,,,,
1989,,,,,
1990,,,,,
1991,,,,,
1992,,,,,
1993,,,,,
1994,,,,,
1995,,,,,
1996,,,,,
1997,,,,,
1998,,,,,
1999,,,,,
2000,,,,,
2001,,,,,
2002,,,,,
2003,,,,,
2004,,,,,
2005,,,,,
2006,,,,,
2007,,,,,
2008,,,,,
2009,,,,,
2010,,,,,
2011,,,,,
2012,,,,,
1940,,,,,
1941,,,,,
1942,,,,,
1943,,,,,
1944,,,,,
1945,,,,,
1946,,,,,
1947,,,,,
1948,,,,,
1949,,,,,
1950,,,,,
1951,,,,,
1952,,,,,
1953,,,,,
1954,,,,,
1955,,,,,
1956,,,,,
1957,,,,,
1958,,,,,
1959,,,,,
1960,,,,,
1961,,,,,
1962,,,,,
1963,,,,,
1964,,,,,
1965,,,,,
1966,,,,,
1967,,,,,
1968,,,,,
1969,,,,,
1970,,,,,
1971,,,,,
1972,,,,,
1973,,,,,
1974,,,,,
1975,,,,,
1976,,,,,
1977,,,,,
1978,,,,,
1979,,,,,
1980,,,,,
1981,,,,,
1982,,,,,
1983,,,,,
1984,,,,,
1985,,,,,
1986,,,,,
1987,,,,,
1988,,,,,
1989,,,,,
1990,,,,,
1991,,,,,
1992,,,,,
1993,,,,,
1994,,,,,
1995,,,,,
1996,,,,,
1997,,,,,
1998,,,,,
1999,,,,,
2000,,,,,
2001,,,,,
2002,,,,,
2003,,,,,
2004,,,,,
2005,,,,,
2006,,,,,
2007,,,,,
2008,,,,,
2009,,,,,
2010,,,,,
2011,,,,,
2012,,,,,
1940,,,,,
1941,,,,,
1942,,,,,
1943,,,,,
1944,,,,,
1945,,,,,
1946,,,,,
1947,,,,,
1948,,,,,
1949,,,,,
1950,,,,,
1951,,,,,
1952,,,,,
1953,,,,,
1954,,,,,
1955,,,,,
1956,,,,,
1957,,,,,
1958,,,,,
1959,,,,,
1960,,,,,
1961,,,,,
1962,,,,,
1963,,,,,
1964,,,,,
1965,,,,,
1966,,,,,
1967,,,,,
1968,,,,,
1969,,,,,
1970,,,,,
1971,,,,,
1972,,,,,
1973,,,,,
1974,,,,,
1975,,,,,
1976,,,,,
1977,,,,,
1978,,,,,
1979,,,,,
1980,,,,,
1981,,,,,
1982,,,,,
1983,,,,,
1984,,,,,
1985,,,,,
1986,,,,,
1987,,,,,
1988,,,,,
1989,,,,,
1990,,,,,
1991,,,,,
1992,,,,,
1993,,,,,
1994,,,,,
1995,,,,,
1996,,,,,
1997,,,,,
1998,,,,,
1999,,,,,
2000,,,,,
2001,,,,,
2002,,,,,
2003,,,,,
2004,,,,,
2005,,,,,
2006,,,,,
2007,,,,,
2008,,,,,
2009,,,,,
2010,,,,,
2011,,,,,
2012,,,,,
1940,,,,,
1941,,,,,
1942,,,,,
1943,,,,,
1944,,,,,
1945,,,,,
1946,,,,,
1947,,,,,
1948,,,,,
1949,,,,,
1950,,,,,
1951,,,,,
1952,,,,,
1953,,,,,
1954,,,,,
1955,,,,,
1956,,,,,
1957,,,,,
1958,,,,,
1959,,,,,
1960,,,,,
1961,,,,,
1962,,,,,
1963,,,,,
1964,,,,,
1965,,,,,
1966,,,,,
1967,,,,,
1968,,,,,
1969,,,,,
1970,,,,,
1971,,,,,
1972,,,,,
1973,,,,,
1974,,,,,
1975,,,,,
1976,,,,,
1977,,,,,
1978,,,,,
1979,,,,,
1980,,,,,
1981,,,,,
1982,,,,,
1983,,,,,
1984,,,,,
1985,,,,,
1986,,,,,
1987,,,,,
1988,,,,,
1989,,,,,
1990,,,,,
1991,,,,,
1992,,,,,
1993,,,,,
1994,,,,,
1995,,,,,
1996,,,,,
1997,,,,,
1998,,,,,
1999,,,,,
2000,,,,,
2001,,,,,
2002,,,,,
2003,,,,,
2004,,,,,
2005,,,,,
2006,,,,,
2007,,,,,
2008,,,,,
2009,,,,,
2010,,,,,
2011,,,,,
2012,,,,,
1940,,,,,
1941,,,,,
1942,,,,,
1943,,,,,
1944,,,,,
1945,,,,,
1946,,,,,
1947,,,,,
1948,,,,,
1949,,,,,
1950,,,,,
1951,,,,,
1952,,,,,
1953,,,,,
1954,,,,,
1955,,,,,
1956,,,,,
1957,,,,,
1958,,,,,
1959,,,,,
1960,,,,,
1961,,,,,
1962,,,,,
1963,,,,,
1964,,,,,
1965,,,,,
1966,,,,,
1967,,,,,
1968,,,,,
1969,,,,,
1970,,,,,
1971,,,,,
1972,,,,,
1973,,,,,
1974,,,,,
1975,,,,,
1976,,,,,
1977,,,,,
1978,,,,,
1979,,,,,
1980,,,,,
1981,,,,,
1982,,,,,
1983,,,,,
1984,,,,,
1985,,,,,
1986,,,,,
1987,,,,,
1988,,,,,
1989,,,,,
1990,,,,,
1991,,,,,
1992,,,,,
1993,,,,,
1994,,,,,
1995,,,,,
1996,,,,,
1997,,,,,
1998,,,,,
1999,,,,,
2000,,,,,
2001,,,,,
2002,,,,,
2003,,,,,
2004,,,,,
2005,,,,,
2006,,,,,
2007,,,,,
2008,,,,,
2009,,,,,
2010,,,,,
2011,,,,,
2012,,,,,
1940,,,,,
1941,,,,,
1942,,,,,
1943,,,,,
1944,,,,,
1945,,,,,
1946,,,,,
1947,,,,,
1948,,,,,
1949,,,,,
1950,,,,,
1951,,,,,
1952,,,,,
1953,,,,,
1954,,,,,
1955,,,,,
1956,,,,,
1957,,,,,
1958,,,,,
1959,,,,,
1960,,,,,
1961,,,,,
1962,,,,,
1963,,,,,
1964,,,,,
1965,,,,,
1966,,,,,
1967,,,,,
1968,,,,,
1969,,,,,
1970,,,,,
1971,,,,,
1972,,,,,
1973,,,,,
1974,,,,,
1975,,,,,
1976,,,,,
1977,,,,,
1978,,,,,
1979,,,,,
1980,,,,,
1981,,,,,
1982,,,,,
1983,,,,,
1984,,,,,
1985,,,,,
1986,,,,,
1987,,,,,
1988,,,,,
1989,,,,,
1990,,,,,
1991,,,,,
1992,,,,,
1993,,,,,
1994,,,,,
1995,,,,,
1996,,,,,
1997,,,,,
1998,,,,,
1999,,,,,
2000,,,,,
2001,,,,,
2002,,,,,
2003,,,,,
2004,,,,,
2005,,,,,
2006,,,,,
2007,,,,,
2008,,,,,
2009,,,,,
2010,,,,,
2011,,,,,
2012,,,,,
1940,,,,,
1941,,,,,
1942,,,,,
1943,,,,,
1944,,,,,
1945,,,,,
1946,,,,,
1947,,,,,
1948,,,,,
1949,,,,,
1950,,,,,
1951,,,,,
1952,,,,,
1953,,,,,
1954,,,,,
1955,,,,,
1956,,,,,
1957,,,,,
1958,,,,,
1959,,,,,
1960,,,,,
1961,,,,,
1962,,,,,
1963,,,,,
1964,,,,,
1965,,,,,
1966,,,,,
1967,,,,,
1968,,,,,
1969,,,,,
1970,,,,,
1971,,,,,
1972,,,,,
1973,,,,,
1974,,,,,
1975,,,,,
1976,,,,,
1977,,,,,
1978,,,,,
1979,,,,,
1980,,,,,
1981,,,,,
1982,,,,,
1983,,,,,
1984,,,,,
1985,,,,,
1986,,,,,
1987,,,,,
1988,,,,,
1989,,,,,
1990,,,,,
1991,,,,,
1992,,,,,
1993,,,,,
1994,,,,,
1995,,,,,
1996,,,,,
1997,,,,,
1998,,,,,
1999,,,,,
2000,,,,,
2001,,,,,
2002,,,,,
2003,,,,,
2004,,,,,
2005,,,,,
2006,,,,,
2007,,,,,
2008,,,,,
2009,,,,,
2010,,,,,
2011,,,,,
2012,,,,,
1940,,,,,
1941,,,,,
1942,,,,,
1943,,,,,
1944,,,,,
1945,,,,,
1946,,,,,
1947,,,,,
1948,,,,,
1949,,,,,
1950,,,,,
1951,,,,,
1952,,,,,
1953,,,,,
1954,,,,,
1955,,,,,
1956,,,,,
1957,,,,,
1958,,,,,
1959,,,,,
1960,,,,,
1961,,,,,
1962,,,,,
1963,,,,,
1964,,,,,
1965,,,,,
1966,,,,,
1967,,,,,
1968,,,,,
1969,,,,,
1970,,,,,
1971,,,,,
1972,,,,,
1973,,,,,
1974,,,,,
1975,,,,,
1976,,,,,
1977,,,,,
1978,,,,,
1979,,,,,
1980,,,,,
1981,,,,,
1982,,,,,
1983,,,,,
1984,,,,,
1985,,,,,
1986,,,,,
1987,,,,,
1988,,,,,
1989,,,,,
1990,,,,,
1991,,,,,
1992,,,,,
1993,,,,,
1994,,,,,
1995,,,,,
1996,,,,,
1997,,,,,
1998,,,,,
1999,,,,,
2000,,,,,
2001,,,,,
2002,,,,,
2003,,,,,
2004,,,,,
2005,,,,,
2006,,,,,
2007,,,,,
2008,,,,,
2009,,,,,
2010,,,,,
2011,,,,,
2012,,,,,
1940,,,,,
1941,,,,,
1942,,,,,
1943,,,,,
1944,,,,,
1945,,,,,
1946,,,,,
1947,,,,,
1948,,,,,
1949,,,,,
1950,,,,,
1951,,,,,
1952,,,,,
1953,,,,,
1954,,,,,
1955,,,,,
1956,,,,,
1957,,,,,
1958,,,,,
1959,,,,,
1960,,,,,
1961,,,,,
1962,,,,,
1963,,,,,
1964,,,,,
1965,,,,,
1966,,,,,
1967,,,,,
1968,,,,,
1969,,,,,
1970,,,,,
1971,,,,,
1972,,,,,
1973,,,,,
1974,,,,,
1975,,,,,
1976,,,,,
1977,,,,,
1978,,,,,
1979,,,,,
1980,,,,,
1981,,,,,
1982,,,,,
1983,,,,,
1984,,,,,
1985,,,,,
1986,,,,,
1987,,,,,
1988,,,,,
1989,,,,,
1990,,,,,
1991,,,,,
1992,,,,,
1993,,,,,
1994,,,,,
1995,,,,,
1996,,,,,
1997,,,,,
1998,,,,,
1999,,,,,
2000,,,,,
2001,,,,,
2002,,,,,
2003,,,,,
2004,,,,,
2005,,,,,
2006,,,,,
2007,,,,,
2008,,,,,
2009,,,,,
2010,,,,,
2011,,,,,
2012,,,,,
1940,,,,,
1941,,,,,
1942,,,,,
1943,,,,,
1944,,,,,
1945,,,,,
1946,,,,,
1947,,,,,
1948,,,,,
1949,,,,,
1950,,,,,
1951,,,,,
1952,,,,,
1953,,,,,
1954,,,,,
1955,,,,,
1956,,,,,
1957,,,,,
1958,,,,,
1959,,,,,
1960,,,,,
1961,,,,,
1962,,,,,
1963,,,,,
1964,,,,,
1965,,,,,
1966,,,,,
1967,,,,,
1968,,,,,
1969,,,,,
1970,,,,,
1971,,,,,
1972,,,,,
1973,,,,,
1974,,,,,
1975,,,,,
1976,,,,,
1977,,,,,
1978,,,,,
1979,,,,,
1980,,,,,
1981,,,,,
1982,,,,,
1983,,,,,
1984,,,,,
1985,,,,,
1986,,,,,
1987,,,,,
1988,,,,,
1989,,,,,
1990,,,,,
1991,,,,,
1992,,,,,
1993,,,,,
1994,,,,,
1995,,,,,
1996,,,,,
1997,,,,,
1998,,,,,
1999,,,,,
2000,,,,,
2001,,,,,
2002,,,,,
2003,,,,,
2004,,,,,
2005,,,,,
2006,,,,,
2007,,,,,
2008,,,,,
2009,,,,,
2010,,,,,
2011,,,,,
2012,,,,,
1940,,,,,
1941,,,,,
1942,,,,,
1943,,,,,
1944,,,,,
1945,,,,,
1946,,,,,
1947,,,,,
1948,,,,,
1949,,,,,
1950,,,,,
1951,,,,,
1952,,,,,
1953,,,,,
1954,,,,,
1955,,,,,
1956,,,,,
1957,,,,,
1958,,,,,
1959,,,,,
1960,,,,,
1961,,,,,
1962,,,,,
1963,,,,,
1964,,,,,
1965,,,,,
1966,,,,,
1967,,,,,
1968,,,,,
1969,,,,,
1970,,,,,
1971,,,,,
1972,,,,,
1973,,,,,
1974,,,,,
1975,,,,,
1976,,,,,
1977,,,,,
1978,,,,,
1979,,,,,
1980,,,,,
1981,,,,,
1982,,,,,
1983,,,,,
1984,,,,,
1985,,,,,
1986,,,,,
1987,,,,,
1988,,,,,
1989,,,,,
1990,,,,,
1991,,,,,
1992,,,,,
1993,,,,,
1994,,,,,
1995,,,,,
1996,,,,,
1997,,,,,
1998,,,,,
1999,,,,,
2000,,,,,
2001,,,,,
2002,,,,,
2003,,,,,
2004,,,,,
2005,,,,,
2006,,,,,
2007,,,,,
2008,,,,,
2009,,,,,
2010,,,,,
2011,,,,,
2012,,,,,
1940,,,,,
1941,,,,,
1942,,,,,
1943,,,,,
1944,,,,,
1945,,,,,
1946,,,,,
1947,,,,,
1948,,,,,
1949,,,,,
1950,,,,,
1951,,,,,
1952,,,,,
1953,,,,,
1954,,,,,
1955,,,,,
1956,,,,,
1957,,,,,
1958,,,,,
1959,,,,,
1960,,,,,
1961,,,,,
1962,,,,,
1963,,,,,
1964,,,,,
1965,,,,,
1966,,,,,
1967,,,,,
1968,,,,,
1969,,,,,
1970,,,,,
1971,,,,,
1972,,,,,
1973,,,,,
1974,,,,,
1975,,,,,
1976,,,,,
1977,,,,,
1978,,,,,
1979,,,,,
1980,,,,,
1981,,,,,
1982,,,,,
1983,,,,,
1984,,,,,
1985,,,,,
1986,,,,,
1987,,,,,
1988,,,,,
1989,,,,,
1990,,,,,
1991,,,,,
1992,,,,,
1993,,,,,
1994,,,,,
1995,,,,,
1996,,,,,
1997,,,,,
1998,,,,,
1999,,,,,
2000,,,,,
2001,,,,,
2002,,,,,
2003,,,,,
2004,,,,,
2005,,,,,
2006,,,,,
2007,,,,,
2008,,,,,
2009,,,,,
2010,,,,,
2011,,,,,
2012,,,,,
1940,,,,,
1941,,,,,
1942,,,,,
1943,,,,,
1944,,,,,
1945,,,,,
1946,,,,,
1947,,,,,
1948,,,,,
1949,,,,,
1950,,,,,
1951,,,,,
1952,,,,,
1953,,,,,
1954,,,,,
1955,,,,,
1956,,,,,
1957,,,,,
1958,,,,,
1959,,,,,
1960,,,,,
1961,,,,,
1962,,,,,
1963,,,,,
1964,,,,,
1965,,,,,
1966,,,,,
1967,,,,,
1968,,,,,
1969,,,,,
1970,,,,,
1971,,,,,
1972,,,,,
1973,,,,,
1974,,,,,
1975,,,,,
1976,,,,,
1977,,,,,
1978,,,,,
1979,,,,,
1980,,,,,
1981,,,,,
1982,,,,,
1983,,,,,
1984,,,,,
1985,,,,,
1986,,,,,
1987,,,,,
1988,,,,,
1989,,,,,
1990,,,,,
1991,,,,,
1992,,,,,
1993,,,,,
1994,,,,,
1995,,,,,
1996,,,,,
1997,,,,,
1998,,,,,
1999,,,,,
2000,,,,,
2001,,,,,
2002,,,,,
2003,,,,,
2004,,,,,
2005,,,,,
2006,,,,,
2007,,,,,
2008,,,,,
2009,,,,,
2010,,,,,
2011,,,,,
2012,,,,,
1940,,,,,
1941,,,,,
1942,,,,,
1943,,,,,
1944,,,,,
1945,,,,,
1946,,,,,
1947,,,,,
1948,,,,,
1949,,,,,
1950,,,,,
1951,,,,,
1952,,,,,
1953,,,,,
1954,,,,,
1955,,,,,
1956,,,,,
1957,,,,,
1958,,,,,
1959,,,,,
1960,,,,,
1961,,,,,
1962,,,,,
1963,,,,,
1964,,,,,
1965,,,,,
1966,,,,,
1967,,,,,
1968,,,,,
1969,,,,,
1970,,,,,
1971,,,,,
1972,,,,,
1973,,,,,
1974,,,,,
1975,,,,,
1976,,,,,
1977,,,,,
1978,,,,,
1979,,,,,
1980,,,,,
1981,,,,,
1982,,,,,
1983,,,,,
1984,,,,,
1985,,,,,
1986,,,,,
1987,,,,,
1988,,,,,
1989,,,,,
1990,,,,,
1991,,,,,
1992,,,,,
1993,,,,,
1994,,,,,
1995,,,,,
1996,,,,,
1997,,,,,
1998,,,,,
1999,,,,,
2000,,,,,
2001,,,,,
2002,,,,,
2003,,,,,
2004,,,,,
2005,,,,,
2006,,,,,
2007,,,,,
2008,,,,,
2009,,,,,
2010,,,,,
2011,,,,,
2012,,,,,
1940,,,,,
1941,,,,,
1942,,,,,
1943,,,,,
1944,,,,,
1945,,,,,
1946,,,,,
1947,,,,,
1948,,,,,
1949,,,,,
1950,,,,,
1951,,,,,
1952,,,,,
1953,,,,,
1954,,,,,
1955,,,,,
1956,,,,,
1957,,,,,
1958,,,,,
1959,,,,,
1960,,,,,
1961,,,,,
1962,,,,,
1963,,,,,
1964,,,,,
1965,,,,,
1966,,,,,
1967,,,,,
1968,,,,,
1969,,,,,
1970,,,,,
1971,,,,,
1972,,,,,
1973,,,,,
1974,,,,,
1975,,,,,
1976,,,,,
1977,,,,,
1978,,,,,
1979,,,,,
1980,,,,,
1981,,,,,
1982,,,,,
1983,,,,,
1984,,,,,
1985,,,,,
1986,,,,,
1987,,,,,
1988,,,,,
1989,,,,,
1990,,,,,
1991,,,,,
1992,,,,,
1993,,,,,
1994,,,,,
1995,,,,,
1996,,,,,
1997,,,,,
1998,,,,,
1999,,,,,
2000,,,,,
2001,,,,,
2002,,,,,
2003,,,,,
2004,,,,,
2005,,,,,
2006,,,,,
2007,,,,,
2008,,,,,
2009,,,,,
2010,,,,,
2011,,,,,
2012,,,,,
1940,,,,,
1941,,,,,
1942,,,,,
1943,,,,,
1944,,,,,
1945,,,,,
1946,,,,,
1947,,,,,
1948,,,,,
1949,,,,,
1950,,,,,
1951,,,,,
1952,,,,,
1953,,,,,
1954,,,,,
1955,,,,,
1956,,,,,
1957,,,,,
1958,,,,,
1959,,,,,
1960,,,,,
1961,,,,,
1962,,,,,
1963,,,,,
1964,,,,,
1965,,,,,
1966,,,,,
1967,,,,,
1968,,,,,
1969,,,,,
1970,,,,,
1971,,,,,
1972,,,,,
1973,,,,,
1974,,,,,
1975,,,,,
1976,,,,,
1977,,,,,
1978,,,,,
1979,,,,,
1980,,,,,
1981,,,,,
1982,,,,,
1983,,,,,
1984,,,,,
1985,,,,,
1986,,,,,
1987,,,,,
1988,,,,,
1989,,,,,
1990,,,,,
1991,,,,,
1992,,,,,
1993,,,,,
1994,,,,,
1995,,,,,
1996,,,,,
1997,,,,,
1998,,,,,
1999,,,,,
2000,,,,,
2001,,,,,
2002,,,,,
2003,,,,,
2004,,,,,
2005,,,,,
2006,,,,,
2007,,,,,
2008,,,,,
2009,,,,,
2010,,,,,
2011,,,,,
2012,,,,,
1940,,,,,
1941,,,,,
1942,,,,,
1943,,,,,
1944,,,,,
1945,,,,,
1946,,,,,
1947,,,,,
1948,,,,,
1949,,,,,
1950,,,,,
1951,,,,,
1952,,,,,
1953,,,,,
1954,,,,,
1955,,,,,
1956,,,,,
1957,,,,,
1958,,,,,
1959,,,,,
1960,,,,,
1961,,,,,
1962,,,,,
1963,,,,,
1964,,,,,
1965,,,,,
1966,,,,,
1967,,,,,
1968,,,,,
1969,,,,,
1970,,,,,
1971,,,,,
1972,,,,,
1973,,,,,
1974,,,,,
1975,,,,,
1976,,,,,
1977,,,,,
1978,,,,,
1979,,,,,
1980,,,,,
1981,,,,,
1982,,,,,
1983,,,,,
1984,,,,,
1985,,,,,
1986,,,,,
1987,,,,,
1988,,,,,
1989,,,,,
1990,,,,,
1991,,,,,
1992,,,,,
1993,,,,,
1994,,,,,
1995,,,,,
1996,,,,,
1997,,,,,
1998,,,,,
1999,,,,,
2000,,,,,
2001,,,,,
2002,,,,,
2003,,,,,
2004,,,,,
2005,,,,,
2006,,,,,
2007,,,,,
2008,,,,,
2009,,,,,
2010,,,,,
2011,,,,,
2012,,,,,
1940,,,,,
1941,,,,,
1942,,,,,
1943,,,,,
1944,,,,,
1945,,,,,
1946,,,,,
1947,,,,,
1948,,,,,
1949,,,,,
1950,,,,,
1951,,,,,
1952,,,,,
1953,,,,,
1954,,,,,
1955,,,,,
1956,,,,,
1957,,,,,
1958,,,,,
1959,,,,,
1960,,,,,
1961,,,,,
1962,,,,,
1963,,,,,
1964,,,,,
1965,,,,,
1966,,,,,
1967,,,,,
1968,,,,,
1969,,,,,
1970,,,,,
1971,,,,,
1972,,,,,
1973,,,,,
1974,,,,,
1975,,,,,
1976,,,,,
1977,,,,,
1978,,,,,
1979,,,,,
1980,,,,,
1981,,,,,
1982,,,,,
1983,,,,,
1984,,,,,
1985,,,,,
1986,,,,,
1987,,,,,
1988,,,,,
1989,,,,,
1990,,,,,
1991,,,,,
1992,,,,,
1993,,,,,
1994,,,,,
1995,,,,,
1996,,,,,
1997,,,,,
1998,,,,,
1999,,,,,
2000,,,,,
2001,,,,,
2002,,,,,
2003,,,,,
2004,,,,,
2005,,,,,
2006,,,,,
2007,,,,,
2008,,,,,
2009,,,,,
2010,,,,,
2011,,,,,
2012,,,,,
1940,,,,,
1941,,,,,
1942,,,,,
1943,,,,,
1944,,,,,
1945,,,,,
1946,,,,,
1947,,,,,
1948,,,,,
1949,,,,,
1950,,,,,
1951,,,,,
1952,,,,,
1953,,,,,
1954,,,,,
1955,,,,,
1956,,,,,
1957,,,,,
1958,,,,,
1959,,,,,
1960,,,,,
1961,,,,,
1962,,,,,
1963,,,,,
1964,,,,,
1965,,,,,
1966,,,,,
1967,,,,,
1968,,,,,
1969,,,,,
1970,,,,,
1971,,,,,
1972,,,,,
1973,,,,,
1974,,,,,
1975,,,,,
1976,,,,,
1977,,,,,
1978,,,,,
1979,,,,,
1980,,,,,
1981,,,,,
1982,,,,,
1983,,,,,
1984,,,,,
1985,,,,,
1986,,,,,
1987,,,,,
1988,,,,,
1989,,,,,
1990,,,,,
1991,,,,,
1992,,,,,
1993,,,,,
1994,,,,,
1995,,,,,
1996,,,,,
1997,,,,,
1998,,,,,
1999,,,,,
2000,,,,,
2001,,,,,
2002,,,,,
2003,,,,,
2004,,,,,
2005,,,,,
2006,,,,,
2007,,,,,
2008,,,,,
2009,,,,,
2010,,,,,
2011,,,,,
2012,,,,,
1940,,,,,
1941,,,,,
1942,,,,,
1943,,,,,
1944,,,,,
1945,,,,,
1946,,,,,
1947,,,,,
1948,,,,,
1949,,,,,
1950,,,,,
1951,,,,,
1952,,,,,
1953,,,,,
1954,,,,,
1955,,,,,
1956,,,,,
1957,,,,,
1958,,,,,
1959,,,,,
1960,,,,,
1961,,,,,
1962,,,,,
1963,,,,,
1964,,,,,
1965,,,,,
1966,,,,,
1967,,,,,
1968,,,,,
1969,,,,,
1970,,,,,
1971,,,,,
1972,,,,,
1973,,,,,
1974,,,,,
1975,,,,,
1976,,,,,
1977,,,,,
1978,,,,,
1979,,,,,
1980,,,,,
1981,,,,,
1982,,,,,
1983,,,,,
1984,,,,,
1985,,,,,
1986,,,,,
1987,,,,,
1988,,,,,
1989,,,,,
1990,,,,,
1991,,,,,
1992,,,,,
1993,,,,,
1994,,,,,
1995,,,,,
1996,,,,,
1997,,,,,
1998,,,,,
1999,,,,,
2000,,,,,
2001,,,,,
2002,,,,,
2003,,,,,
2004,,,,,
2005,,,,,
2006,,,,,
2007,,,,,
2008,,,,,
2009,,,,,
2010,,,,,
2011,,,,,
2012,,,,,
1940,,,,,
1941,,,,,
1942,,,,,
1943,,,,,
1944,,,,,
1945,,,,,
1946,,,,,
1947,,,,,
1948,,,,,
1949,,,,,
1950,,,,,
1951,,,,,
1952,,,,,
1953,,,,,
1954,,,,,
1955,,,,,
1956,,,,,
1957,,,,,
1958,,,,,
1959,,,,,
1960,,,,,
1961,,,,,
1962,,,,,
1963,,,,,
1964,,,,,
1965,,,,,
1966,,,,,
1967,,,,,
1968,,,,,
1969,,,,,
1970,,,,,
1971,,,,,
1972,,,,,
1973,,,,,
1974,,,,,
1975,,,,,
1976,,,,,
1977,,,,,
1978,,,,,
1979,,,,,
1980,,,,,
1981,,,,,
1982,,,,,
1983,,,,,
1984,,,,,
1985,,,,,
1986,,,,,
1987,,,,,
1988,,,,,
1989,,,,,
1990,,,,,
1991,,,,,
1992,,,,,
1993,,,,,
1994,,,,,
1995,,,,,
1996,,,,,
1997,,,,,
1998,,,,,
1999,,,,,
2000,,,,,
2001,,,,,
2002,,,,,
2003,,,,,
2004,,,,,
2005,,,,,
2006,,,,,
2007,,,,,
2008,,,,,
2009,,,,,
2010,,,,,
2011,,,,,
2012,,,,,
